frame,x_measure,y_measure,x_est,y_est,vx_est,vy_est
114,21.4145274585159,6.05475803714373,21.4145274585159,6.05475803714373,0.0909530131789956,0.93066248567199
115,21.4136486491674,6.10227473581194,21.4154273833448,6.09479205557193,0.0909411430810481,0.930712420141393
116,21.42222540363,6.11963584944207,21.4207496956946,6.12207117705831,0.0911524238668197,0.930363748212455
117,21.4181273015371,6.13856914957353,21.4202884427062,6.14411912396218,0.0904403801125418,0.928535165861442
118,21.4073129908005,6.18731222139726,21.413370199572,6.18268747664916,0.0872231537397144,0.930991553173217
119,21.4297014680552,6.21002371710236,21.4246418360344,6.2114291109484,0.0909495085044299,0.929956498443372
120,21.4368100134151,6.23961845435419,21.4333810367731,6.24068476096288,0.0941714468183973,0.928954574407244
121,21.4454624656022,6.29561644899789,21.4421197996283,6.28666618842106,0.0979725129442566,0.939132238751035
122,21.4671618446095,6.29426886612521,21.4590512935934,6.30310954112819,0.108734564479497,0.927401371168846
123,21.4889951533523,6.32753105310193,21.4792279279318,6.32995202831632,0.123459385533887,0.923751570404136
124,21.4962198126421,6.35363642088727,21.4914584265283,6.35627674786804,0.13144973042245,0.919320691939255
125,21.4766974628487,6.3916418521773,21.4837571733028,6.38991244812819,0.118473612443855,0.922499427259881
126,21.449824420555,6.42925175702189,21.4637520118884,6.42610546301231,0.0908004174822372,0.928750903588381
127,21.4673607748064,6.45933666232437,21.4671484845977,6.45851476455191,0.0912514706342889,0.930497190349732
128,21.5641458003723,6.52111930903092,21.5297875578295,6.50957901148749,0.168607609429585,0.956479685158524
129,21.5147009491817,6.5327517075601,21.5222581288285,6.53594127690459,0.150716179824091,0.948928461280495
130,21.5740872922279,6.58052370127762,21.5570472163391,6.57581956958604,0.192858869294793,0.96056249169212
131,21.5554358941569,6.60285270174885,21.5583600848422,6.60467620595019,0.185346651085094,0.95587792664803
132,21.6121203419067,6.67402443363794,21.594859840545,6.66043623201792,0.231183004664776,0.991962255887164
133,21.5845931716914,6.68737621301045,21.591106530822,6.68960711482965,0.21337882946842,0.98586411727101
134,21.5858680909724,6.73487077806855,21.5903386756519,6.73039641536513,0.200846007041483,0.998407530997883
135,21.5858133209847,6.75861294536083,21.5898697090582,6.76045454970051,0.18922064939484,0.993129606720306
136,21.5868614193862,6.79028182360375,21.5902258596842,6.79147652061004,0.179390621284123,0.98963900973682
137,21.5938968732638,6.83589526519853,21.5947314611331,6.83178561990197,0.176910709984858,1.00185049301243
138,21.5920546100404,6.84301411883024,21.5951455287692,6.85101178861065,0.16758987996134,0.977733093900093
139,21.5957592862413,6.88223962161529,21.5975513352191,6.88274211817042,0.162115728168878,0.97619812334287
140,21.5880212361148,6.90623642267151,21.5933955144501,6.90950221072224,0.14551277486201,0.966109005672716
141,21.5921392156677,6.95167462364506,21.5943364828935,6.94810218545016,0.138657374236382,0.977254893960287
142,21.6069320914431,7.00660145269787,21.6040685148829,6.99729769625481,0.147669082086871,1.0065339208048
143,21.6040043866447,7.02196754618567,21.6057971326296,7.02516949816693,0.141984529911122,0.996380969268411
144,21.6092000668439,7.04262143303376,21.6096792271292,7.04829185357797,0.140455108573856,0.978281676741096
145,21.6260607430507,7.09895197641684,21.621863473037,7.09248538006315,0.153929932456041,0.999041896288376
146,21.6174718131575,7.12348208466888,21.6208902080114,7.12432092506904,0.142899964862831,0.996335250969418
147,21.6346158306928,7.17777446876446,21.6314029299057,7.17052582252578,0.153312833946355,1.01982779223216
148,21.6396795650125,7.24353704197955,21.6385460149377,7.22955797774739,0.157000864601485,1.06530899201946
149,21.6340307876422,7.25090982919072,21.6375277086343,7.2559986287681,0.14558496715532,1.04869631640275
150,21.6379641907804,7.30872445252526,21.6395489750402,7.30236758752218,0.140396001117693,1.06951022618442
151,21.6446572544366,7.31882383598611,21.6445053938609,7.32571562565004,0.140894519517208,1.04688629013259
152,21.6353762310622,7.37418695778204,21.6403321951981,7.36933496832149,0.124588462986353,1.06285025037558
153,21.6588974512449,7.38489697992705,21.653735090813,7.39202768248078,0.141607325759894,1.03934231251623
154,21.6485671624949,7.41098064199281,21.6521113398568,7.41661472205973,0.129902868353853,1.02073606248059
155,21.6467248992714,7.46863663463848,21.6502071088546,7.46220181594124,0.118385584845601,1.04201899490922
156,21.6866907304701,7.4751000377779,21.6750375795551,7.48293382474226,0.156979187629358,1.0160745902928
157,21.6554458139432,7.53773897123145,21.6643388669324,7.53025262126087,0.127492401180843,1.04089715720328
158,21.6852132244731,7.61045040884079,21.6792608205455,7.59416707131434,0.147248919727096,1.09494289464794
159,21.7092472909045,7.60373735102722,21.7002680830298,7.61339379451256,0.177078164161788,1.06286384969065
160,21.6491657813451,7.66567341593802,21.6695814093428,7.65965181854807,0.109203946348161,1.08288337653931
161,21.7791462429653,7.66915823420526,21.7412174718265,7.67869255151644,0.235388572255902,1.05116380780359
162,21.7390197583225,7.72954401283001,21.7426190409464,7.72389450549814,0.223407044340617,1.06997025810954
163,21.8062100855358,7.73982770041147,21.7861098097044,7.74690588607469,0.290353021777232,1.0463956533788
164,21.7865526779317,7.81104801732519,21.7898629318639,7.80058318981726,0.279322865140663,1.08126569324565
165,21.7929433396811,7.85813526949874,21.795177391426,7.85044679042036,0.271875773019115,1.10689482744222
166,21.8047014213284,7.90665023677132,21.8045394361214,7.89975095852638,0.272415930395283,1.12990122476598
167,21.808760546484,7.94122993758627,21.8105035933447,7.93987735475561,0.266601776573327,1.13441293630487
168,21.8000546079807,7.97950108889487,21.8069803354357,7.97886663784469,0.243493967814522,1.13652979314477
169,21.8327112909596,8.00023596375038,21.8264079812035,8.00616212725115,0.26452998035033,1.11675242942399
170,21.8216751384332,8.04519092072002,21.8265294942891,8.04455851673924,0.248326246873157,1.11886338005443
171,21.8241497460604,8.06520997361948,21.8279680675876,8.07118195795412,0.235578495547952,1.0989254647495
172,21.8098771851684,8.13034206958953,21.8191677885998,8.12228970594712,0.20455627360543,1.12581308447429
173,21.811547669794,8.16141532421594,21.8167191176337,8.16085650776509,0.187285948261534,1.12767928175845
174,21.8121327128447,8.18870322582715,21.8160117713147,8.19220449226826,0.174330076104883,1.11598521714259
175,21.8090506562627,8.24719508317183,21.8136250582913,8.2408393428168,0.15905019017008,1.13721531171022
176,21.8153616136764,8.29568142067811,21.8166397905983,8.28963247658347,0.154780301839616,1.15742246406861
177,21.8178747314512,8.33384731091655,21.8192814705564,8.33184419938711,0.150080561199441,1.16411461091152
178,21.838505590009,8.38312971930264,21.8334162984707,8.3786753420523,0.167084443599475,1.17899717489136
179,21.8439303083386,8.43483134294196,21.8421622357423,8.4288111919182,0.172992130601105,1.19911239415649
180,21.8347137408375,8.48318363401521,21.8394465301802,8.47804226062905,0.157177543831302,1.21629226201964
181,21.8457299770048,8.54550876811438,21.8453580503064,8.53588516668052,0.158420392933485,1.24845097623015
182,21.847288704404,8.57738828519503,21.848489845579,8.57744326074727,0.15440643398757,1.2482672595994
183,21.8369869676221,8.62383447955771,21.8429491122035,8.62213741268503,0.134481496513004,1.25393870061636
184,21.82865325498,8.67675788625416,21.8353772234804,8.67218265380202,0.112009907960934,1.26922918586905
185,21.8216999560839,8.71659496130269,21.8279340557233,8.71585669310851,0.09117489493054,1.27169655539079
186,21.8445315723302,8.7749119281184,21.8396790521669,8.76896126855832,0.107392914675638,1.29158476007485
187,21.8685681283065,8.81161653330084,21.8595092147245,8.81177427897533,0.137670115757294,1.29105753377304
188,21.8893085268398,8.84507788386929,21.8802854269922,8.84857702352436,0.167828172966496,1.27936230090588
189,21.8838365071571,8.91063009054062,21.8845699295993,8.90369785837352,0.165376803448949,1.30253238903827
190,21.8941905243819,8.96624590114356,21.8927219151765,8.95941324090773,0.170285508604079,1.3253699923967
191,21.9229285469962,9.01781429523177,21.9141492360235,9.01273895267052,0.199629992912283,1.34233411527716
192,21.9412864510635,9.06085852649331,21.9339564327654,9.05966635030936,0.224130540285961,1.34631895786348
193,21.9483368422105,9.12262538014942,21.9458661169034,9.11616861940659,0.232389004389534,1.36790084989562
194,21.9461311054322,9.1823028832511,21.9488120164169,9.17496725110572,0.223427915261288,1.39242059480384
195,21.9566643698895,9.24800819693357,21.9565221453689,9.23849301414975,0.223903311798528,1.42422583434149
196,21.9666698508288,9.3144883814651,21.965711622934,9.30429548683176,0.227106283379172,1.45829659351434
197,21.9634209947388,9.39359740487065,21.9669536531364,9.37904804239897,0.2152979578479,1.50692954609571
198,21.9809648176249,9.45532940489822,21.9785207777089,9.44602199068039,0.223467487721557,1.5380408213254
199,21.9877040156598,9.51710123764412,21.9870858392414,9.51002766670018,0.225533833700727,1.56168527692527
200,21.9924366405082,9.56790040125844,21.9932150658587,9.56583686660241,0.222931822381691,1.5685829717764
201,21.9940847192297,9.6097154197273,21.9964362076443,9.6127438543214,0.215071570592625,1.55845991172271
202,21.9896558188588,9.64911806919138,21.9946519503969,9.65471196026211,0.198371100076423,1.53976132218703
203,21.9550586134312,9.74052855631707,21.9716015060346,9.72819992766798,0.143073361881498,1.58097208838662
204,21.9710016589488,9.79540559447195,21.9729253248578,9.79023146888481,0.136643131895535,1.59826761633963
205,21.9759409160236,9.88291932144829,21.9764935371051,9.86882977988037,0.13479588422035,1.64536475717748
206,21.9739368323819,9.94970260807098,21.9764621351483,9.94040510897547,0.126354535259321,1.67644357884325
207,21.9723161386542,10.0232132673904,21.9753095414615,10.0135941880526,0.116348450193877,1.70859739585385
208,21.9814826429633,10.0824034420786,21.9806625432541,10.0781796893528,0.119089811241648,1.72271620490523
209,21.9987824904495,10.1204617372985,21.9937184563307,10.1259027174139,0.136017461768053,1.70452852927887
210,21.9959917106205,10.1864788664793,21.9968025966067,10.1851537639194,0.133306893950572,1.70895798103268
211,21.9969327585914,10.2430257668735,21.9984784427987,10.2427215898543,0.128140094307041,1.70997476163195
212,21.9941071251338,10.2880454520105,21.9972025139792,10.2922453466503,0.117793048136074,1.69593565187132
213,21.9933851571138,10.3574159981669,21.996158651574,10.3543435393586,0.108522001650688,1.70620605581302
214,21.9993625544104,10.4151908665814,21.9995118725015,10.4137887262863,0.108022871124224,1.71089303659801
215,22.0304320747195,10.4825399022818,22.0206536764354,10.4783643617233,0.140709463050622,1.7248507612009
216,22.0387172801353,10.5496119761125,22.0339316521885,10.5447094895261,0.156706554935157,1.74123848069306
217,22.0548520206099,10.5999904066393,22.0492348178218,10.6009993478259,0.175483389307345,1.73786585515923
218,22.0589498115096,10.6661301459062,22.0575681366347,10.6635727876534,0.180101967253614,1.74641443532216
219,22.0697569259056,10.7378265493823,22.0675448594822,10.7321055026932,0.187496329240682,1.76553840452881
220,22.0654973145876,10.7769846010603,22.0684698273052,10.7820073868634,0.177559990796337,1.74874853534619
221,22.0819905495273,10.8416405715689,22.0792713214139,10.8411812114912,0.186649666578725,1.75028405719242
222,22.0934449455964,10.9058820328521,22.0906005659279,10.9036269245312,0.196157693470977,1.75782230210336
223,22.0791151251718,10.9554252210661,22.085569627518,10.9578789393633,0.17458195482036,1.74962015391895
224,22.0878584068485,10.9825911349774,22.0891243668926,10.9946430404705,0.170350175875495,1.70933373244087
225,22.0923171817582,11.0669792383361,22.0932089730223,11.0615017238514,0.167369146573255,1.72764365746564
226,22.0960614572826,11.1002955729143,22.0970394717412,11.1070440956498,0.164099894889142,1.70508507550915
227,22.0892774474395,11.155516168265,22.094016145169,11.1585306752102,0.148259641256787,1.69500835035916
228,22.0958473564215,11.2397822839237,22.0969627087928,11.2309421630865,0.144531303430055,1.7245586142571
229,22.1206158385974,11.2766014081714,22.1138749485356,11.2808554389168,0.16706437725639,1.71033847597164
230,22.1227269726697,11.3541469973819,22.121553659282,11.348339488604,0.170986464504698,1.7297514958533
231,22.1243153023137,11.3977364389758,22.1253690425681,11.4007144893993,0.167464079522158,1.71979663264545
232,22.1250920403214,11.4516848768843,22.1271914677649,11.4539807701318,0.160446228541787,1.71212204654459
233,22.1213577229766,11.4911342053152,22.125362502958,11.4982845583923,0.147059268937959,1.68822023714688
234,22.1312237894017,11.5413806899625,22.1308821363036,11.5461182099672,0.148201328282675,1.67238391362779
235,22.1371713121595,11.6014907514899,22.1366901264711,11.6016444628421,0.149809809616442,1.67187009568443
236,22.1426582691116,11.6396056838563,22.1423112178427,11.6459860817735,0.1509699137468,1.65054204810076
237,22.1515135803086,11.6684321242135,22.1500226148282,11.6801118219081,0.155953832298414,1.61149978804822
238,22.1539508447624,11.6935416740402,22.1544074190035,11.7079826071555,0.154427620650441,1.56322741886848
239,22.1678499739199,11.778493659318,22.1648824244337,11.7719243417812,0.164347384566274,1.58518697821452
240,22.1985037402312,11.8108266236621,22.1884311776553,11.8158347622014,0.198017402539527,1.56844604328758
241,22.2052578755356,11.8824931525994,22.2015995425036,11.8773653267078,0.210246280732504,1.58558706289255
242,22.2246115975614,11.9341773494244,22.2188851263508,11.9327790207555,0.229388419853855,1.59026132055191
243,22.2465868103634,11.9686475880622,22.2394102099763,11.9748023319279,0.253377972859342,1.56968757445512
244,22.2581831104916,12.0335002326176,22.2544893368003,12.0312368953489,0.265725320612954,1.57725333637679
245,22.267269949364,12.0454699644803,22.2658687494895,12.0592143103531,0.270409176128887,1.53130947683109
246,22.2814304807356,12.1111005918158,22.2790896550007,12.1108172408952,0.278233962453957,1.53225664704383
247,22.2764663282119,12.1488134626814,22.2807287680465,12.1535137243468,0.263985707805579,1.51654486512527
248,22.2885630268643,12.1944057431446,22.2889117210383,12.1978817121262,0.262820111666204,1.50492558287838
249,22.2999477156763,12.229546914132,22.2991363448966,12.2361870701871,0.265532318304097,1.48272922606918
250,22.2946897968547,12.2588886902828,22.2994531907373,12.2684724644,0.249609501151754,1.45069310084903
251,22.3191918977267,12.2854708059158,22.3151073767768,12.2967135591416,0.263263018392732,1.41311142924368
252,22.3470797796579,12.3573788207081,22.3387789808332,12.3525409997631,0.291010482944474,1.42928303730369
253,22.355429713241,12.4037826928075,22.3529451233395,12.4025114382881,0.299315836668175,1.43353251865701
254,22.3718283454747,12.4264748945397,22.3686437821915,12.4350193344607,0.309961023858998,1.40497062356737
255,22.3836536837333,12.48772018854,22.3819828247682,12.4856361917522,0.315546281526607,1.41193689617399
256,22.3929123012036,12.511281241441,22.3927688467609,12.5189657643661,0.316025813338993,1.38624948534273
257,22.4061243159697,12.5744546879637,22.4051181436326,12.5711490171597,0.319389192235552,1.39729950432179
258,22.4186890490626,12.6028031357008,22.4176459295993,12.6081617243362,0.32287607600845,1.37938710174858
259,22.4114544315932,12.6679010004285,22.4175274145846,12.66299184071,0.302575634284914,1.39579717747563
260,22.431460414382,12.6883750176579,22.4300868452448,12.695960504401,0.307167127509307,1.37044081932691
261,22.4313035730535,12.7428711554436,22.4345369588746,12.7424474689391,0.296358738835475,1.37185709584605
262,22.4367407391076,12.8098112833947,22.4394916841512,12.8020827849695,0.287163027304518,1.39769150582492
263,22.4279476665329,12.81786745068,22.4355101467103,12.8289115946778,0.261883574198953,1.36077373364779
264,22.4410401831439,12.86943214935,22.4421886233154,12.8711804918214,0.258044629990474,1.35492946820667
265,22.442506525088,12.9023464224274,22.4454749269483,12.9073736832591,0.248122015455804,1.33812461032509
266,22.4493851376372,12.9658011875234,22.4509490611756,12.9608687517669,0.242894215726669,1.35461249203987
267,22.4706757255926,13.0189318099334,22.4665153051587,13.014326775687,0.256801446031743,1.37000595355297
268,22.4913265005096,13.0441733056396,22.4855120575829,13.0498529598207,0.276237654029429,1.35102031014556
269,22.5065251721031,13.1003648234999,22.5023025034772,13.0984200241717,0.290352964263343,1.35752128104614
270,22.5126270466445,13.1357200953484,22.5123992229249,13.1385824427852,0.291114521176146,1.34795317953009
271,22.5305492803549,13.1849545799952,22.5275292117195,13.1844550655393,0.301209844659543,1.34962292966698
272,22.5510730884821,13.247331372151,22.5462427485723,13.2409437159408,0.317356445887484,1.37097524431388
273,22.5591192975878,13.2899025898821,22.5583004605635,13.2887520734608,0.320093610383573,1.37482112891271
274,22.5544713172659,13.3343459453755,22.559665400433,13.3344459537733,0.30273110769395,1.37448682620356
275,22.573337088492,13.3820057928753,22.5720589195649,13.3813980403938,0.307003702245296,1.37651838860967
276,22.5753536198583,13.404635755985,22.5778411907002,13.4127589903745,0.298688383822755,1.34936447627469
277,22.59264101962,13.4589078347301,22.5909107159207,13.4585051107871,0.304472350247514,1.35071068027666
278,22.5992383135959,13.5083352591064,22.5998939955531,13.5066307987205,0.302280571759272,1.35640825905976
279,22.589847750246,13.5243280955219,22.5970546356884,13.5341944587637,0.278189781540426,1.32342750905583
280,22.6063733492694,13.5840746834944,22.6063603051527,13.5820264143348,0.278233384714344,1.33027435337352
281,22.6141556666161,13.61661179052,22.6146884658409,13.6201204821354,0.276452372034273,1.31854568717822
282,22.6169386666173,13.68603368354,22.6194352235164,13.6781876930468,0.268107015497105,1.34477284349724
283,22.6368002558021,13.7180741263587,22.6337863946759,13.7198583467164,0.278181588867147,1.33880864735506
284,22.6334966297243,13.7843719517265,22.6369230863289,13.7772690123057,0.266727813454393,1.36255197239447
285,22.6134931364805,13.8335429529785,22.6250664000216,13.8296732114928,0.228041328640838,1.37548753673957
286,22.5959219286005,13.8845450145019,22.6090787610332,13.8813317120394,0.184061374645272,1.3862287919163
287,22.5835538695544,13.9477607832878,22.5948896648999,13.9405385620021,0.146168685780713,1.41037084598045
288,22.5721866075567,13.9913489801092,22.5820596482324,13.9900062155464,0.113165614793599,1.41485936736332
289,22.5787689642632,14.0124142642515,22.5812986498122,14.0212924610976,0.104709517579776,1.38518180698626
290,22.5603961229266,14.0575011671006,22.5691294108287,14.0610845863291,0.0755163510502149,1.37320334532836
291,22.5448339777782,14.1023104856938,22.5544331459839,14.1039547970995,0.0434287662688763,1.36770682932768
292,22.549387355394,14.1521536640679,22.5517123571158,14.151236171977,0.0356568751773001,1.37077377269434
293,22.5551606100091,14.2090771081277,22.5543521224273,14.2047446258052,0.0383594441157645,1.38525616229978
294,22.5568983123469,14.2639354746959,22.5564450218016,14.2592927411448,0.039874679445917,1.40077564307679
295,22.5622234488807,14.3320593812454,22.5606311957315,14.3227422206886,0.0451971778984465,1.43192054781207
296,22.5654498990666,14.3797428794216,22.5642647777232,14.376441560708,0.0491587379807386,1.44295601899572
297,22.5584592569971,14.4074701857071,22.5611246647871,14.4135980278697,0.0402489557358842,1.42247219678113
298,22.5356233423959,14.4655768443277,22.5452329394047,14.463960366001,0.00812651010782892,1.42787567385847
299,22.5347744075861,14.5008014150692,22.5386153710436,14.5046684260964,-0.00471285659062657,1.41494923674019
300,22.5266161689601,14.5513516241938,22.5308552951557,14.5515409890962,-0.0188831803413485,1.41431623789798
301,22.5031646560345,14.6176021482087,22.5128516732638,14.6108471196801,-0.0512644221314801,1.43689658506832
302,22.4976951258968,14.6642674225222,22.5025084707621,14.6623072190644,-0.067354213262632,1.443449048084
303,22.4616888380578,14.6912540892009,22.4754967513691,14.6981330372779,-0.113510565519591,1.42045446929122
304,22.4639020434709,14.7379230978319,22.4666968412111,14.7406457931506,-0.122852865552609,1.41135318936673
305,22.4538716670826,14.7895375873998,22.4569953527202,14.7888933764644,-0.133294554414487,1.4135066231401
306,22.4506495152515,14.8115780924066,22.4513290377061,14.8203410914038,-0.135566025640472,1.38421413995101
307,22.4472363491984,14.8628452904614,22.4470821683493,14.8641635200297,-0.135050638165156,1.37980763283186
308,22.4377810576812,14.919006933783,22.4394975196623,14.9158553951745,-0.140788335241397,1.39034242711153
309,22.4062957833744,14.9754772806716,22.4164995467839,14.9707409993044,-0.174896928456265,1.4061746145139
310,22.3994918571721,15.0176812905306,22.4034911422565,15.0176738143336,-0.188265524200968,1.40619960554441
311,22.3860333774613,15.0670439867396,22.3900340977618,15.0661669714526,-0.201638917509083,1.4091312452216
312,22.3651784598628,15.1271515587221,22.3716676985488,15.1221518859158,-0.223330796645646,1.4258438834038
313,22.3531066566594,15.1716496842033,22.3570834873549,15.1709616222178,-0.236624333063137,1.4281439001159
314,22.3193882605804,15.2335895612297,22.3300558739637,15.2282287048186,-0.272283459100057,1.4460638834861
315,22.3017921572515,15.2708717408281,22.3086575935284,15.2728790317603,-0.2952328713726,1.4393540189858
316,22.28666568246,15.3183610545025,22.2910118485861,15.3192719124474,-0.309761002464161,1.43630925188628
317,22.2716537267337,15.3459725969502,22.2748835305824,15.3535703431567,-0.3205574175925,1.41091191324647
318,22.2254676898127,15.4044731677021,22.2393284591523,15.4031037866655,-0.366890454148024,1.41548940675132
319,22.2297521965797,15.4325116670996,22.2287979555632,15.4388916221285,-0.363700668442783,1.39416283516378
320,22.2206703367971,15.480587268597,22.2192356172465,15.4823137718282,-0.358904764856604,1.38839157273522
321,22.1950927525298,15.5080842919796,22.1994483809033,15.5154426634714,-0.373464525841468,1.36379440305677
322,22.1835238373955,15.5601543682636,22.1847636008295,15.5604384625086,-0.37760874057463,1.36284474804715
323,22.1721242113141,15.616846284648,22.1721384701668,15.612932113942,-0.37765640430274,1.37592882801155
324,22.1440769985095,15.6651198049648,22.149611413478,15.6628726194459,-0.396156549912919,1.38344059927348
325,22.1336333576684,15.689436434742,22.1346212332933,15.6964516894302,-0.399458767583556,1.35999038204859
326,22.1105926196508,15.7500917066018,22.1144229534326,15.7471342480297,-0.412262601973041,1.36987641598884
327,22.0869668385824,15.7932180928449,22.0918711985058,15.7930836411078,-0.428656633360806,1.37032585404628
328,22.0983714437535,15.846513025218,22.0909244455932,15.8437544196881,-0.403763207206652,1.37954717269934
329,22.0738917487857,15.8801293499562,22.075166302516,15.8835859623491,-0.408023717076916,1.36799259413069
330,22.0569603539442,15.9440085824571,22.0586040134244,15.9387187012197,-0.413518053856963,1.38567532549583
331,22.0457798078137,15.9884992393035,22.045431309044,15.9872301718441,-0.412353110855463,1.38991749615393
332,22.0435865187598,16.0426306587619,22.0393215744281,16.0394004585087,-0.398096483623093,1.40071523636215
333,22.0297844818533,16.0709853303613,22.0284434798806,16.076409506664,-0.393613854131115,1.38258359065334
334,22.0069105433437,16.1020025702275,22.0099173005255,16.1093550936161,-0.403664680820708,1.35800596970062
335,21.9958868385417,16.1669199429502,21.9960878430192,16.1625337884381,-0.404336587810509,1.3726677718249
336,21.9875916749464,16.2095322381722,21.9858035129954,16.2091037216369,-0.3983592159193,1.37410019392276
337,21.9777106712519,16.2633487302012,21.975849524871,16.2603432336508,-0.392137875588751,1.38414680664114
338,21.9719050525532,16.29304028741,21.9686332026555,16.2978684291041,-0.381200911182391,1.3680075534635
339,21.9467158372898,16.3509408778417,21.9500084763779,16.3482823555405,-0.392207368579944,1.37689431926639
340,21.9189300266993,16.3895462505527,21.9253706421062,16.3912210471304,-0.413736712426701,1.37129589906656
341,21.9199382923824,16.4300237610259,21.91694107957,16.4325127297174,-0.403717790143367,1.36297590797904
342,21.9074631829057,16.4820328434599,21.9060338468042,16.4805858692928,-0.398939882062075,1.36781277564036
343,21.8753181792013,16.5018919430998,21.881548511349,16.5106026738396,-0.419766302304727,1.33869501197897
344,21.8591212001043,16.5597863096693,21.8621357446157,16.5581697641984,-0.429843160062198,1.34409871350262
345,21.8345020906222,16.6221705704598,21.839260014973,16.6153143873217,-0.445747694469656,1.36701719487869
346,21.7976045457103,16.6330760218791,21.8071919634345,16.6430460717616,-0.477796000375805,1.33368984671
347,21.7838996010547,16.6906504819295,21.7865306793539,16.6895394763571,-0.486591027840176,1.33740365656675
348,21.7589419134667,16.7123207254816,21.7630059465425,16.7201401594031,-0.500176059698978,1.3112652721195
349,21.7605451803801,16.7542546197192,21.7554517428428,16.7577048344686,-0.483149989801657,1.29973207925027
350,21.7559644177704,16.7961685975977,21.7500099287349,16.7979241113787,-0.463245643124193,1.29386384191101
351,21.7352289983269,16.8367568928188,21.7349869897968,16.8383102142307,-0.462436669985643,1.28867148238182
352,21.7093676059415,16.8698939801645,21.7130151594491,16.8739802506118,-0.474629516274714,1.27501211662987
353,21.6876114730904,16.9007033430319,21.6910361752864,16.9063664611382,-0.48607742714807,1.25608174907142
354,21.6722360438093,16.9600291979169,21.6731600969842,16.9558224741373,-0.489166302555033,1.27014375976396
355,21.6650387695133,16.997415938401,21.6621031790235,16.9976976798908,-0.479353368067287,1.26920196941823
356,21.6474177707355,17.0346819359576,21.6469491696197,17.0366024112452,-0.477786953383234,1.26278230759986
357,21.6359907596603,17.0783049864076,21.6342066949418,17.0784597403387,-0.471823277501143,1.26226500445644
358,21.6285345726951,17.1251445288639,21.6249293800877,17.1235095942595,-0.459772032958127,1.26773017618954
359,21.6036391237294,17.1814418523823,21.6057687838965,17.1758458792863,-0.466890946775375,1.28643609500748
360,21.583506174151,17.216719948339,21.585898881317,17.2174538186796,-0.474889159996696,1.28398295258204
361,21.5704883438868,17.2641171488522,21.5703326436772,17.2627493048962,-0.474368693684345,1.28855530801638
362,21.566176452126,17.3103816064374,21.5619981900667,17.3087215089059,-0.460401823304311,1.29410459303278
363,21.552722951505,17.3599148364718,21.5505440088268,17.3570462625546,-0.453118170551139,1.30369350811475
364,21.5419855443661,17.3889404404208,21.5396370134934,17.3930950209775,-0.445267627474407,1.28980579899209
365,21.5227289145912,17.4482264625875,21.5234631175984,17.4438967941124,-0.447721881919792,1.30427878262073
366,21.5078962060975,17.4767840320959,21.508120982324,17.4805901123838,-0.448473251837528,1.29155602151071
367,21.5044282700566,17.5319187381476,21.5003934008121,17.5289712895073,-0.434985707270212,1.30140859478787
368,21.4962177509878,17.5705888390259,21.4925168628794,17.5712354000503,-0.422614576937402,1.29924730526314
369,21.4750292343731,17.6177333507321,21.4762414730769,17.616607032956,-0.426666783478154,1.3030122999337
370,21.4770084225659,17.6417387873972,21.471637570704,17.648306012264,-0.408713387850893,1.28105973277318
371,21.4364469288516,17.6657162555813,21.4441624523101,17.6747853797019,-0.43450442597357,1.25074395093506
372,21.4189354700492,17.7029897217726,21.422776188928,17.7078327189497,-0.447342975108366,1.2345550396455
373,21.4200781711567,17.7353500711105,21.4157007263314,17.7402456260022,-0.43271028725792,1.21819044124574
374,21.4132642867748,17.7674141646058,21.4089679828971,17.7722391199228,-0.418348833016669,1.20206183931859
375,21.4005302646289,17.7894117833118,21.3985538104345,17.7976223682901,-0.411742047909911,1.17461593609176
376,21.3618377578466,17.8375409100246,21.3700631650665,17.837281204577,-0.439237498131172,1.175484065537
377,21.3554595438216,17.8838912569087,21.3554408272235,17.881246524869,-0.439174933290544,1.184324733993
378,21.3267152584459,17.9397541548426,21.331752598427,17.9329559801229,-0.456013483285097,1.20704930793868
379,21.3103505268119,17.9514876716837,21.312565107919,17.9592713306627,-0.463416266267691,1.1810305100513
380,21.3044602635866,17.9785278635777,21.301826342728,17.9857412668108,-0.454611736848051,1.15691793249503
381,21.2800677026901,18.0074912289042,21.2824266696068,18.0135240342912,-0.462497164972793,1.13675179411704
382,21.2525457838587,18.0403768722154,21.2577181274681,18.0443421002181,-0.479786997857304,1.12349704255871
383,21.2388283914786,18.0850144122107,21.2398596566204,18.0838742881814,-0.483234255678486,1.12730818803203
384,21.2248147432559,18.138895632407,21.2244284810066,18.1326644304352,-0.481943078942516,1.14813751587606
385,21.2086028268895,18.158569260952,21.2085114729979,18.1630098485077,-0.48163770605216,1.13329375789211
386,21.1946862709177,18.2148678292428,21.1938824519979,18.2098405278397,-0.478950743266419,1.15009875146656
387,21.1618466841872,18.2564656349195,21.167593893432,18.2535122998709,-0.498162206173544,1.15997100151381
388,21.16851866451,18.2950685180855,21.1622373424403,18.2940476390233,-0.477165339553811,1.16338354130501
389,21.1580152745914,18.3341717997758,21.1538271902086,18.3337043229348,-0.463165635637578,1.16494619782385
390,21.13795203227,18.3969780384262,21.1381026858818,18.3882422564367,-0.463669232453469,1.19414770145956
391,21.1284021380468,18.4221000359774,21.1263364181831,18.4242432303905,-0.456764054853717,1.18698354609029
392,21.1253773409975,18.4744427174276,21.1202648686096,18.4706504112463,-0.439674356278361,1.19966026385577
393,21.1117819363173,18.5353979794475,21.1095669458443,18.5265492351532,-0.432270204889366,1.22923937182693
394,21.0973450654622,18.5899152783648,21.0965569648483,18.5819143923472,-0.429635784414109,1.25598430461141
395,21.0958364012549,18.6279455662046,21.0909625793242,18.6264695900012,-0.413343833790814,1.26091811872492
396,21.0872250654577,18.6827616105096,21.083625835888,18.6776714357427,-0.401312522170299,1.27793328200824
397,21.080142310227,18.7251896794092,21.076595866616,18.7234435374589,-0.389457660622333,1.28377019169414
398,21.0667659854977,18.7733212956668,21.0656329806554,18.7708002243591,-0.385670312785389,1.29219749368593
399,21.0603230433054,18.832139283393,21.0576172477693,18.8256160083184,-0.376625524547581,1.31400314783752
400,21.041273045757,18.8734931136698,21.0426252801844,18.8720493430219,-0.381145701286855,1.31882930694646
401,21.0244287849868,18.9221848775291,21.0263901036827,18.9199902907349,-0.387701892260726,1.32616525401195
402,21.0248171539907,18.9633980485192,21.0207493428332,18.9636994639317,-0.374104231233216,1.32515769873276
403,21.0153543938389,19.0216197902427,21.012817180935,19.016714028987,-0.365622971979461,1.3415564144188
404,20.9925626103109,19.0510997361353,20.9954460798672,19.0548146624338,-0.375261679405408,1.32913835797667
405,20.9731043273993,19.0773121543512,20.9766198275095,19.085134441862,-0.387013104678117,1.3029904347043
406,20.9588566619563,19.1315817435513,20.9605927763714,19.1305182665134,-0.392816494857113,1.30654536872449
407,20.947202810552,19.154981929063,20.9473041088689,19.1618305149529,-0.393155109439327,1.28365228302208
408,20.9162403406735,19.2066760840676,20.9226643802217,19.2059550041157,-0.414629044394253,1.28606267042217
409,20.9107110614582,19.2505281726481,20.9100375364762,19.2499333961606,-0.412377621197682,1.28805085737343
410,20.9006109778128,19.2799409008285,20.8990598269964,19.2845840209442,-0.40719251741889,1.27253008440739
411,20.8949597108977,19.3004447925965,20.8915637581241,19.3099667073829,-0.395840708573249,1.2407007382097
412,20.88101631452,19.3415626606961,20.8800639373294,19.3450715838941,-0.392657153165694,1.22897129788616
413,20.886394976269,19.3835488353766,20.8794385440237,19.3844543215835,-0.369403564449135,1.22594448714431
414,20.8671445703563,19.4288411256797,20.8671331852153,19.4275949840429,-0.369365506810016,1.23011002259176
415,20.8584585482122,19.4665216324616,20.8571519842974,19.4672798470854,-0.364997995011336,1.22757550340142
416,20.865696899999,19.4820190494427,20.8582783280308,19.4914055003652,-0.340199590408226,1.19619897854433
417,20.8514940463641,19.5247110101013,20.8498591528341,19.5270764048874,-0.334734555976499,1.1882920636822
418,20.8507297560809,19.5603700064272,20.8464198792211,19.5626452202535,-0.320327730698662,1.1806866008973
419,20.8522707843718,19.5820825722426,20.8463501638346,19.5892271388943,-0.300536597821246,1.15680412657442
420,20.8432698347983,19.6194705574991,20.8407827703758,19.6224615553693,-0.292222972222179,1.14680597926657
421,20.8285292394658,19.6320825919451,20.8294252570416,19.6423364720459,-0.295218131731534,1.1125298586625
422,20.8305383021973,19.686948427148,20.8266136393185,19.6842670109004,-0.282098979094574,1.12149315312141
423,20.8262525506579,19.7183129585273,20.8230122925134,19.7195209743085,-0.271267617906734,1.11745506273988
424,20.8143811558186,19.7747857949609,20.8142307458333,19.7683497442005,-0.270764835472486,1.1389691481306
425,20.8202851115408,19.8043080631167,20.8148836589839,19.8050402383563,-0.252709149482638,1.1365216719978
426,20.8209211902619,19.8445179475135,20.8157414293721,19.8439610339863,-0.235394522510943,1.13838329267571
427,20.8226613821446,19.8821299918107,20.8173725499101,19.8820638150625,-0.217715297696214,1.13860450476138
428,20.8034383612258,19.9322582230754,20.8058259665546,19.9278898737043,-0.225696456769635,1.15320678881522
429,20.7993355912363,19.9507206880283,20.7989631641753,19.9563222473528,-0.224451527559279,1.13448219665223
430,20.8052607080901,19.9933143116636,20.8003253910189,19.9936228373248,-0.207954014277538,1.13345087361456
